d_id,v_id,match,matchval
1,1,1,1.0
1,2,0,0.45227272727272733
1,3,0,0.42222222222222222
1,4,0,0.29610389610389609
2,1,0,0.35555555555555557
2,2,0,0.48034188034188036
2,3,1,0.93333333333333324
2,4,0,0.22804972804972803
